{
  "totalLogs": 37,
  "logs": [
    {
      "id": "Directory_0627f9cc-3c28-449d-8b55-20ae1052c737_WCL79_364096308",
      "category": "UserManagement",
      "activity": "Update user",
      "initiatedBy": "system",
      "target": "admin@cloudfil.ch",
      "details": "[{\"key\":\"UserType\",\"value\":\"Member\"}]",
      "modifiedProperties": [
        {
          "displayName": "Included Updated Properties",
          "oldValue": null,
          "newValue": "\"StrongAuthenticationPhoneAppDetail\""
        },
        {
          "displayName": "TargetId.UserType",
          "oldValue": null,
          "newValue": "\"Member\""
        }
      ],
      "timestamp": "2025-09-18T06:50:02.9688868Z"
    },
    {
      "id": "Directory_66a71922-1e51-42bf-ab6b-21902fea8661_YKTL9_33743170",
      "category": "GroupManagement",
      "activity": "Update group",
      "initiatedBy": "system",
      "target": "cloudfil",
      "details": "[{\"key\":\"GroupType\",\"value\":\"Unified\"},{\"key\":\"User-Agent\",\"value\":\"Microsoft ADO.NET Data Services\"}]",
      "modifiedProperties": [
        {
          "displayName": "MethodExecutionResult.",
          "oldValue": null,
          "newValue": "\"Microsoft.Online.Workflows.ValidationException\""
        },
        {
          "displayName": "TargetId.GroupType",
          "oldValue": null,
          "newValue": "\"Unified\""
        }
      ],
      "timestamp": "2025-09-18T05:17:06.6691645Z"
    },
    {
      "id": "Directory_13a9dc18-a367-4548-a1f1-dc34bb2036eb_J372A_254187344",
      "category": "GroupManagement",
      "activity": "Update group",
      "initiatedBy": "system",
      "target": "cloudfil",
      "details": "[{\"key\":\"GroupType\",\"value\":\"Unified\"},{\"key\":\"User-Agent\",\"value\":\"Microsoft ADO.NET Data Services\"}]",
      "modifiedProperties": [
        {
          "displayName": "MethodExecutionResult.",
          "oldValue": null,
          "newValue": "\"Microsoft.Online.Workflows.ValidationException\""
        },
        {
          "displayName": "TargetId.GroupType",
          "oldValue": null,
          "newValue": "\"Unified\""
        }
      ],
      "timestamp": "2025-09-17T03:32:24.294019Z"
    },
    {
      "id": "Directory_0b65912e-e087-47b4-a6e3-f1eba6943e3a_91SDY_56593320",
      "category": "GroupManagement",
      "activity": "Update group",
      "initiatedBy": "system",
      "target": "cloudfil",
      "details": "[{\"key\":\"GroupType\",\"value\":\"Unified\"},{\"key\":\"User-Agent\",\"value\":\"Microsoft ADO.NET Data Services\"}]",
      "modifiedProperties": [
        {
          "displayName": "MethodExecutionResult.",
          "oldValue": null,
          "newValue": "\"Microsoft.Online.Workflows.ValidationException\""
        },
        {
          "displayName": "TargetId.GroupType",
          "oldValue": null,
          "newValue": "\"Unified\""
        }
      ],
      "timestamp": "2025-09-16T01:25:29.4262048Z"
    },
    {
      "id": "Directory_38e2019e-8a35-4d58-b67d-4d0ce0b10670_QVIEP_319573124",
      "category": "GroupManagement",
      "activity": "Update group",
      "initiatedBy": "system",
      "target": "cloudfil",
      "details": "[{\"key\":\"GroupType\",\"value\":\"Unified\"},{\"key\":\"User-Agent\",\"value\":\"Microsoft ADO.NET Data Services\"}]",
      "modifiedProperties": [
        {
          "displayName": "MethodExecutionResult.",
          "oldValue": null,
          "newValue": "\"Microsoft.Online.Workflows.ValidationException\""
        },
        {
          "displayName": "TargetId.GroupType",
          "oldValue": null,
          "newValue": "\"Unified\""
        }
      ],
      "timestamp": "2025-09-14T23:21:28.9818915Z"
    },
    {
      "id": "Directory_74153a2f-a3d9-4cfe-aba7-6927f69c334d_R0U93_116256322",
      "category": "GroupManagement",
      "activity": "Update group",
      "initiatedBy": "system",
      "target": "cloudfil",
      "details": "[{\"key\":\"GroupType\",\"value\":\"Unified\"},{\"key\":\"User-Agent\",\"value\":\"Microsoft ADO.NET Data Services\"}]",
      "modifiedProperties": [
        {
          "displayName": "MethodExecutionResult.",
          "oldValue": null,
          "newValue": "\"Microsoft.Online.Workflows.ValidationException\""
        },
        {
          "displayName": "TargetId.GroupType",
          "oldValue": null,
          "newValue": "\"Unified\""
        }
      ],
      "timestamp": "2025-09-13T21:31:40.7121139Z"
    },
    {
      "id": "Directory_ee279351-58f8-4dc9-9fb1-dc95ee67e239_DRCJF_137295204",
      "category": "GroupManagement",
      "activity": "Update group",
      "initiatedBy": "system",
      "target": "cloudfil",
      "details": "[{\"key\":\"GroupType\",\"value\":\"Unified\"},{\"key\":\"User-Agent\",\"value\":\"Microsoft ADO.NET Data Services\"}]",
      "modifiedProperties": [
        {
          "displayName": "MethodExecutionResult.",
          "oldValue": null,
          "newValue": "\"Microsoft.Online.Workflows.ValidationException\""
        },
        {
          "displayName": "TargetId.GroupType",
          "oldValue": null,
          "newValue": "\"Unified\""
        }
      ],
      "timestamp": "2025-09-12T19:27:13.7362954Z"
    },
    {
      "id": "Directory_dfa5a307-6f56-4dfc-bd2f-75dfc9eea9bf_II1IS_57839377",
      "category": "UserManagement",
      "activity": "Update user",
      "initiatedBy": "system",
      "target": "admin@cloudfil.ch",
      "details": "[{\"key\":\"UserType\",\"value\":\"Member\"}]",
      "modifiedProperties": [
        {
          "displayName": "Included Updated Properties",
          "oldValue": null,
          "newValue": "\"StrongAuthenticationPhoneAppDetail\""
        },
        {
          "displayName": "TargetId.UserType",
          "oldValue": null,
          "newValue": "\"Member\""
        }
      ],
      "timestamp": "2025-09-12T06:12:16.1762087Z"
    },
    {
      "id": "Directory_59353a49-b180-47d1-9783-ee26d3658bfc_M68KQ_370899114",
      "category": "GroupManagement",
      "activity": "Update group",
      "initiatedBy": "system",
      "target": "cloudfil",
      "details": "[{\"key\":\"GroupType\",\"value\":\"Unified\"},{\"key\":\"User-Agent\",\"value\":\"Microsoft ADO.NET Data Services\"}]",
      "modifiedProperties": [
        {
          "displayName": "MethodExecutionResult.",
          "oldValue": null,
          "newValue": "\"Microsoft.Online.Workflows.ValidationException\""
        },
        {
          "displayName": "TargetId.GroupType",
          "oldValue": null,
          "newValue": "\"Unified\""
        }
      ],
      "timestamp": "2025-09-11T17:21:58.0743506Z"
    },
    {
      "id": "Directory_ae315126-d7fa-4463-b695-75716d255e9a_A12V9_58990900",
      "category": "GroupManagement",
      "activity": "Update group",
      "initiatedBy": "system",
      "target": "cloudfil",
      "details": "[{\"key\":\"GroupType\",\"value\":\"Unified\"},{\"key\":\"User-Agent\",\"value\":\"Microsoft ADO.NET Data Services\"}]",
      "modifiedProperties": [
        {
          "displayName": "MethodExecutionResult.",
          "oldValue": null,
          "newValue": "\"Microsoft.Online.Workflows.ValidationException\""
        },
        {
          "displayName": "TargetId.GroupType",
          "oldValue": null,
          "newValue": "\"Unified\""
        }
      ],
      "timestamp": "2025-09-10T05:34:57.8122232Z"
    },
    {
      "id": "Directory_a60be4fc-2628-4acf-bcde-67d274a953b3_9E281_33860525",
      "category": "GroupManagement",
      "activity": "Update group",
      "initiatedBy": "system",
      "target": "cloudfil",
      "details": "[{\"key\":\"GroupType\",\"value\":\"Unified\"},{\"key\":\"User-Agent\",\"value\":\"Microsoft ADO.NET Data Services\"}]",
      "modifiedProperties": [
        {
          "displayName": "MethodExecutionResult.",
          "oldValue": null,
          "newValue": "\"Microsoft.Online.Workflows.ValidationException\""
        },
        {
          "displayName": "TargetId.GroupType",
          "oldValue": null,
          "newValue": "\"Unified\""
        }
      ],
      "timestamp": "2025-09-09T03:46:41.5936857Z"
    },
    {
      "id": "Directory_af664a63-13e8-4c5a-a2f2-0d97b98d12f9_JF9OF_219368724",
      "category": "GroupManagement",
      "activity": "Update group",
      "initiatedBy": "system",
      "target": "cloudfil",
      "details": "[{\"key\":\"GroupType\",\"value\":\"Unified\"},{\"key\":\"User-Agent\",\"value\":\"Microsoft ADO.NET Data Services\"}]",
      "modifiedProperties": [
        {
          "displayName": "MethodExecutionResult.",
          "oldValue": null,
          "newValue": "\"Microsoft.Online.Workflows.ValidationException\""
        },
        {
          "displayName": "TargetId.GroupType",
          "oldValue": null,
          "newValue": "\"Unified\""
        }
      ],
      "timestamp": "2025-09-08T01:57:46.1077881Z"
    },
    {
      "id": "Directory_7ba225f0-ece0-485c-8b2f-6f6aa66b7d9e_9CGXK_121875302",
      "category": "GroupManagement",
      "activity": "Update group",
      "initiatedBy": "system",
      "target": "cloudfil",
      "details": "[{\"key\":\"GroupType\",\"value\":\"Unified\"},{\"key\":\"User-Agent\",\"value\":\"Microsoft ADO.NET Data Services\"}]",
      "modifiedProperties": [
        {
          "displayName": "MethodExecutionResult.",
          "oldValue": null,
          "newValue": "\"Microsoft.Online.Workflows.ValidationException\""
        },
        {
          "displayName": "TargetId.GroupType",
          "oldValue": null,
          "newValue": "\"Unified\""
        }
      ],
      "timestamp": "2025-09-06T23:50:12.6075825Z"
    },
    {
      "id": "Directory_bb2d2632-c881-4b67-bd10-24af83db69ad_ZM57F_376004626",
      "category": "GroupManagement",
      "activity": "Update group",
      "initiatedBy": "system",
      "target": "cloudfil",
      "details": "[{\"key\":\"GroupType\",\"value\":\"Unified\"},{\"key\":\"User-Agent\",\"value\":\"Microsoft ADO.NET Data Services\"}]",
      "modifiedProperties": [
        {
          "displayName": "MethodExecutionResult.",
          "oldValue": null,
          "newValue": "\"Microsoft.Online.Workflows.ValidationException\""
        },
        {
          "displayName": "TargetId.GroupType",
          "oldValue": null,
          "newValue": "\"Unified\""
        }
      ],
      "timestamp": "2025-09-05T22:01:19.8004412Z"
    },
    {
      "id": "Directory_ebb0c2dd-5f8e-4ada-b710-7d4d2db21b17_G3P2C_90284420",
      "category": "GroupManagement",
      "activity": "Update group",
      "initiatedBy": "system",
      "target": "cloudfil",
      "details": "[{\"key\":\"GroupType\",\"value\":\"Unified\"},{\"key\":\"User-Agent\",\"value\":\"Microsoft ADO.NET Data Services\"}]",
      "modifiedProperties": [
        {
          "displayName": "MethodExecutionResult.",
          "oldValue": null,
          "newValue": "\"Microsoft.Online.Workflows.ValidationException\""
        },
        {
          "displayName": "TargetId.GroupType",
          "oldValue": null,
          "newValue": "\"Unified\""
        }
      ],
      "timestamp": "2025-09-04T19:47:54.0410267Z"
    },
    {
      "id": "Directory_9035ef7a-7ef0-4166-857b-df7553ad4703_MZUOQ_471884552",
      "category": "GroupManagement",
      "activity": "Update group",
      "initiatedBy": "system",
      "target": "cloudfil",
      "details": "[{\"key\":\"GroupType\",\"value\":\"Unified\"},{\"key\":\"User-Agent\",\"value\":\"Microsoft ADO.NET Data Services\"}]",
      "modifiedProperties": [
        {
          "displayName": "MethodExecutionResult.",
          "oldValue": null,
          "newValue": "\"Microsoft.Online.Workflows.ValidationException\""
        },
        {
          "displayName": "TargetId.GroupType",
          "oldValue": null,
          "newValue": "\"Unified\""
        }
      ],
      "timestamp": "2025-09-03T17:34:18.8921398Z"
    },
    {
      "id": "Directory_08c62d3e-9f06-446f-8201-d26388c96a88_79FJF_401973983",
      "category": "GroupManagement",
      "activity": "Remove member from group",
      "initiatedBy": "system",
      "target": "chris.green@cloudfil.ch, ",
      "details": "[]",
      "modifiedProperties": [
        {
          "displayName": "Group.ObjectID",
          "oldValue": "\"b28376b0-f7d3-4d8b-8798-26b2d445c870\"",
          "newValue": null
        },
        {
          "displayName": "Group.DisplayName",
          "oldValue": "\"Contoso-SharePoint-Page\"",
          "newValue": null
        }
      ],
      "timestamp": "2025-09-03T13:13:43.4950151Z"
    },
    {
      "id": "Directory_499a9afb-e5a5-49ea-b999-4e9978a7f325_JG6DO_386298039",
      "category": "UserManagement",
      "activity": "Update user",
      "initiatedBy": "admin@cloudfil.ch",
      "target": "chris.green@cloudfil.ch",
      "details": "[{\"key\":\"UserType\",\"value\":\"Member\"},{\"key\":\"User-Agent\",\"value\":\"Mozilla/5.0 (Windows NT 10.0; Win64; x64; rv:142.0) Gecko/20100101 Firefox/142.0\"}]",
      "modifiedProperties": [
        {
          "displayName": "CompanyName",
          "oldValue": "[\"contoso.com\"]",
          "newValue": "[\"contoso.commmmmm\"]"
        },
        {
          "displayName": "Included Updated Properties",
          "oldValue": null,
          "newValue": "\"CompanyName\""
        },
        {
          "displayName": "TargetId.UserType",
          "oldValue": null,
          "newValue": "\"Member\""
        }
      ],
      "timestamp": "2025-09-03T13:12:54.8232169Z"
    },
    {
      "id": "Directory_92737814-54a3-45ce-867a-dd9c4dede195_U3E2M_411600988",
      "category": "UserManagement",
      "activity": "Update user",
      "initiatedBy": "system",
      "target": "admin@cloudfil.ch",
      "details": "[{\"key\":\"UserType\",\"value\":\"Member\"}]",
      "modifiedProperties": [
        {
          "displayName": "Included Updated Properties",
          "oldValue": null,
          "newValue": "\"StrongAuthenticationPhoneAppDetail\""
        },
        {
          "displayName": "TargetId.UserType",
          "oldValue": null,
          "newValue": "\"Member\""
        }
      ],
      "timestamp": "2025-09-03T13:11:55.3668211Z"
    },
    {
      "id": "Directory_554d92f8-6c47-4a01-88c0-f16fe0fc44a7_0M54D_98440349",
      "category": "UserManagement",
      "activity": "Update user",
      "initiatedBy": "system",
      "target": "admin@cloudfil.ch",
      "details": "[{\"key\":\"UserType\",\"value\":\"Member\"}]",
      "modifiedProperties": [
        {
          "displayName": "Included Updated Properties",
          "oldValue": null,
          "newValue": "\"StrongAuthenticationPhoneAppDetail\""
        },
        {
          "displayName": "TargetId.UserType",
          "oldValue": null,
          "newValue": "\"Member\""
        }
      ],
      "timestamp": "2025-09-02T11:48:36.3939904Z"
    },
    {
      "id": "Directory_db9a82a2-7281-4c74-9d2a-aacae8951eaf_09CSB_91129471",
      "category": "GroupManagement",
      "activity": "Update group",
      "initiatedBy": "system",
      "target": "cloudfil",
      "details": "[{\"key\":\"GroupType\",\"value\":\"Unified\"},{\"key\":\"User-Agent\",\"value\":\"Microsoft ADO.NET Data Services\"}]",
      "modifiedProperties": [
        {
          "displayName": "MethodExecutionResult.",
          "oldValue": null,
          "newValue": "\"Microsoft.Online.Workflows.ValidationException\""
        },
        {
          "displayName": "TargetId.GroupType",
          "oldValue": null,
          "newValue": "\"Unified\""
        }
      ],
      "timestamp": "2025-09-02T05:59:34.9534163Z"
    },
    {
      "id": "Directory_de532cc8-48f3-45e6-a851-7b4c8934ecf8_5MQLG_155144796",
      "category": "UserManagement",
      "activity": "Update user",
      "initiatedBy": "system",
      "target": "admin@cloudfil.ch",
      "details": "[{\"key\":\"UserType\",\"value\":\"Member\"}]",
      "modifiedProperties": [
        {
          "displayName": "Included Updated Properties",
          "oldValue": null,
          "newValue": "\"StrongAuthenticationPhoneAppDetail\""
        },
        {
          "displayName": "TargetId.UserType",
          "oldValue": null,
          "newValue": "\"Member\""
        }
      ],
      "timestamp": "2025-09-01T11:47:30.8170743Z"
    },
    {
      "id": "Directory_5abe3257-b5bc-4d04-af4a-358013bed0cd_CBR82_292667862",
      "category": "GroupManagement",
      "activity": "Update group",
      "initiatedBy": "system",
      "target": "cloudfil",
      "details": "[{\"key\":\"GroupType\",\"value\":\"Unified\"},{\"key\":\"User-Agent\",\"value\":\"Microsoft ADO.NET Data Services\"}]",
      "modifiedProperties": [
        {
          "displayName": "MethodExecutionResult.",
          "oldValue": null,
          "newValue": "\"Microsoft.Online.Workflows.ValidationException\""
        },
        {
          "displayName": "TargetId.GroupType",
          "oldValue": null,
          "newValue": "\"Unified\""
        }
      ],
      "timestamp": "2025-09-01T04:16:08.3470118Z"
    },
    {
      "id": "Directory_f83a8779-c8d0-45de-9ec0-63267c230aa7_E5H28_21745608",
      "category": "GroupManagement",
      "activity": "Update group",
      "initiatedBy": "system",
      "target": "cloudfil",
      "details": "[{\"key\":\"GroupType\",\"value\":\"Unified\"},{\"key\":\"User-Agent\",\"value\":\"Microsoft ADO.NET Data Services\"}]",
      "modifiedProperties": [
        {
          "displayName": "MethodExecutionResult.",
          "oldValue": null,
          "newValue": "\"Microsoft.Online.Workflows.ValidationException\""
        },
        {
          "displayName": "TargetId.GroupType",
          "oldValue": null,
          "newValue": "\"Unified\""
        }
      ],
      "timestamp": "2025-08-31T02:11:09.1490946Z"
    },
    {
      "id": "Directory_a7e572d3-677e-4437-91e2-b9cee960c401_EM401_286181414",
      "category": "GroupManagement",
      "activity": "Update group",
      "initiatedBy": "system",
      "target": "cloudfil",
      "details": "[{\"key\":\"GroupType\",\"value\":\"Unified\"},{\"key\":\"User-Agent\",\"value\":\"Microsoft ADO.NET Data Services\"}]",
      "modifiedProperties": [
        {
          "displayName": "MethodExecutionResult.",
          "oldValue": null,
          "newValue": "\"Microsoft.Online.Workflows.ValidationException\""
        },
        {
          "displayName": "TargetId.GroupType",
          "oldValue": null,
          "newValue": "\"Unified\""
        }
      ],
      "timestamp": "2025-08-29T23:59:03.0399544Z"
    },
    {
      "id": "Directory_2c1b45fb-8b5a-45f7-90bd-491e6ffe9948_EM401_51716718",
      "category": "GroupManagement",
      "activity": "Update group",
      "initiatedBy": "system",
      "target": "cloudfil",
      "details": "[{\"key\":\"GroupType\",\"value\":\"Unified\"},{\"key\":\"User-Agent\",\"value\":\"Microsoft ADO.NET Data Services\"}]",
      "modifiedProperties": [
        {
          "displayName": "MethodExecutionResult.",
          "oldValue": null,
          "newValue": "\"Microsoft.Online.Workflows.ValidationException\""
        },
        {
          "displayName": "TargetId.GroupType",
          "oldValue": null,
          "newValue": "\"Unified\""
        }
      ],
      "timestamp": "2025-08-28T22:10:44.7661183Z"
    },
    {
      "id": "Directory_6185f3ec-38b9-4826-a87d-e52798c9b4f1_TT98W_111648744",
      "category": "GroupManagement",
      "activity": "Update group",
      "initiatedBy": "system",
      "target": "cloudfil",
      "details": "[{\"key\":\"GroupType\",\"value\":\"Unified\"},{\"key\":\"User-Agent\",\"value\":\"Microsoft ADO.NET Data Services\"}]",
      "modifiedProperties": [
        {
          "displayName": "MethodExecutionResult.",
          "oldValue": null,
          "newValue": "\"Microsoft.Online.Workflows.ValidationException\""
        },
        {
          "displayName": "TargetId.GroupType",
          "oldValue": null,
          "newValue": "\"Unified\""
        }
      ],
      "timestamp": "2025-08-27T20:02:29.1714318Z"
    },
    {
      "id": "Directory_f91d42cc-f52f-413c-8a19-9cf176574acb_CD7LF_312358487",
      "category": "GroupManagement",
      "activity": "Update group",
      "initiatedBy": "system",
      "target": "cloudfil",
      "details": "[{\"key\":\"GroupType\",\"value\":\"Unified\"},{\"key\":\"User-Agent\",\"value\":\"Microsoft ADO.NET Data Services\"}]",
      "modifiedProperties": [
        {
          "displayName": "MethodExecutionResult.",
          "oldValue": null,
          "newValue": "\"Microsoft.Online.Workflows.ValidationException\""
        },
        {
          "displayName": "TargetId.GroupType",
          "oldValue": null,
          "newValue": "\"Unified\""
        }
      ],
      "timestamp": "2025-08-26T18:11:50.6818089Z"
    },
    {
      "id": "Directory_da3c2c01-f2cb-4963-b670-e85cbe2c5e6d_PK2VB_224638411",
      "category": "GroupManagement",
      "activity": "Update group",
      "initiatedBy": "system",
      "target": "cloudfil",
      "details": "[{\"key\":\"GroupType\",\"value\":\"Unified\"},{\"key\":\"User-Agent\",\"value\":\"Microsoft ADO.NET Data Services\"}]",
      "modifiedProperties": [
        {
          "displayName": "MethodExecutionResult.",
          "oldValue": null,
          "newValue": "\"Microsoft.Online.Workflows.ValidationException\""
        },
        {
          "displayName": "TargetId.GroupType",
          "oldValue": null,
          "newValue": "\"Unified\""
        }
      ],
      "timestamp": "2025-08-25T16:28:17.1571722Z"
    },
    {
      "id": "Directory_6b53973d-34b7-437d-ba71-4ca1fb96c4ef_VSYAA_51737091",
      "category": "GroupManagement",
      "activity": "Update group",
      "initiatedBy": "system",
      "target": "cloudfil",
      "details": "[{\"key\":\"GroupType\",\"value\":\"Unified\"},{\"key\":\"User-Agent\",\"value\":\"Microsoft ADO.NET Data Services\"}]",
      "modifiedProperties": [
        {
          "displayName": "MethodExecutionResult.",
          "oldValue": null,
          "newValue": "\"Microsoft.Online.Workflows.ValidationException\""
        },
        {
          "displayName": "TargetId.GroupType",
          "oldValue": null,
          "newValue": "\"Unified\""
        }
      ],
      "timestamp": "2025-08-24T05:11:11.5886308Z"
    },
    {
      "id": "Directory_769fa20e-8b11-4115-b99c-35ca8ab6f3eb_0Q1WU_11272610",
      "category": "GroupManagement",
      "activity": "Update group",
      "initiatedBy": "system",
      "target": "cloudfil",
      "details": "[{\"key\":\"GroupType\",\"value\":\"Unified\"},{\"key\":\"User-Agent\",\"value\":\"Microsoft ADO.NET Data Services\"}]",
      "modifiedProperties": [
        {
          "displayName": "MethodExecutionResult.",
          "oldValue": null,
          "newValue": "\"Microsoft.Online.Workflows.ValidationException\""
        },
        {
          "displayName": "TargetId.GroupType",
          "oldValue": null,
          "newValue": "\"Unified\""
        }
      ],
      "timestamp": "2025-08-23T02:51:15.6155914Z"
    },
    {
      "id": "Directory_b96ef945-4ed6-4616-8499-9fd91bb7bf8f_OI4EN_107444199",
      "category": "UserManagement",
      "activity": "Update user",
      "initiatedBy": "admin@cloudfil.ch",
      "target": "admin@cloudfil.ch",
      "details": "[{\"key\":\"UserType\",\"value\":\"Member\"},{\"key\":\"User-Agent\",\"value\":\"Mozilla/5.0 (Windows NT 10.0; Win64; x64; rv:142.0) Gecko/20100101 Firefox/142.0\"}]",
      "modifiedProperties": [
        {
          "displayName": "City",
          "oldValue": "[\"Germany\"]",
          "newValue": "[]"
        },
        {
          "displayName": "Department",
          "oldValue": "[\"Hans\"]",
          "newValue": "[]"
        },
        {
          "displayName": "JobTitle",
          "oldValue": "[\"sdfsdfsdflkj\"]",
          "newValue": "[\"TEST Job Title\"]"
        },
        {
          "displayName": "UsageLocation",
          "oldValue": "[\"DE\"]",
          "newValue": "[\"CH\"]"
        },
        {
          "displayName": "StreetAddress",
          "oldValue": "[\"Blochstraße 1\"]",
          "newValue": "[]"
        },
        {
          "displayName": "PostalCode",
          "oldValue": "[\"12489\"]",
          "newValue": "[]"
        },
        {
          "displayName": "Included Updated Properties",
          "oldValue": null,
          "newValue": "\"City, Department, JobTitle, UsageLocation, StreetAddress, PostalCode\""
        },
        {
          "displayName": "TargetId.UserType",
          "oldValue": null,
          "newValue": "\"Member\""
        }
      ],
      "timestamp": "2025-08-22T05:34:43.6891198Z"
    },
    {
      "id": "Directory_fe154806-0e18-415d-9157-f5dbe0c7a4fc_DZ90B_70986715",
      "category": "UserManagement",
      "activity": "Update user",
      "initiatedBy": "system",
      "target": "admin@cloudfil.ch",
      "details": "[{\"key\":\"UserType\",\"value\":\"Member\"}]",
      "modifiedProperties": [
        {
          "displayName": "Included Updated Properties",
          "oldValue": null,
          "newValue": "\"StrongAuthenticationPhoneAppDetail\""
        },
        {
          "displayName": "TargetId.UserType",
          "oldValue": null,
          "newValue": "\"Member\""
        }
      ],
      "timestamp": "2025-08-22T05:33:00.7833488Z"
    },
    {
      "id": "Directory_8e1110d4-f834-4a22-8a09-9a5df4e941a8_PVNDU_15307599",
      "category": "GroupManagement",
      "activity": "Update group",
      "initiatedBy": "system",
      "target": "cloudfil",
      "details": "[{\"key\":\"GroupType\",\"value\":\"Unified\"},{\"key\":\"User-Agent\",\"value\":\"Microsoft ADO.NET Data Services\"}]",
      "modifiedProperties": [
        {
          "displayName": "MethodExecutionResult.",
          "oldValue": null,
          "newValue": "\"Microsoft.Online.Workflows.ValidationException\""
        },
        {
          "displayName": "TargetId.GroupType",
          "oldValue": null,
          "newValue": "\"Unified\""
        }
      ],
      "timestamp": "2025-08-22T01:09:15.6929874Z"
    },
    {
      "id": "Directory_0ade4ca4-5de3-4613-b096-bb79e6433ed0_1R32E_148704909",
      "category": "GroupManagement",
      "activity": "Update group",
      "initiatedBy": "system",
      "target": "cloudfil",
      "details": "[{\"key\":\"GroupType\",\"value\":\"Unified\"},{\"key\":\"User-Agent\",\"value\":\"Microsoft ADO.NET Data Services\"}]",
      "modifiedProperties": [
        {
          "displayName": "MethodExecutionResult.",
          "oldValue": null,
          "newValue": "\"Microsoft.Online.Workflows.ValidationException\""
        },
        {
          "displayName": "TargetId.GroupType",
          "oldValue": null,
          "newValue": "\"Unified\""
        }
      ],
      "timestamp": "2025-08-20T22:25:09.3255537Z"
    },
    {
      "id": "Directory_b48f588c-76a0-4202-9d70-f2b78f5a484d_QDAEF_74918842",
      "category": "UserManagement",
      "activity": "Update user",
      "initiatedBy": "system",
      "target": "admin@cloudfil.ch",
      "details": "[{\"key\":\"UserType\",\"value\":\"Member\"}]",
      "modifiedProperties": [
        {
          "displayName": "Included Updated Properties",
          "oldValue": null,
          "newValue": "\"StrongAuthenticationPhoneAppDetail\""
        },
        {
          "displayName": "TargetId.UserType",
          "oldValue": null,
          "newValue": "\"Member\""
        }
      ],
      "timestamp": "2025-08-20T07:20:13.4586041Z"
    },
    {
      "id": "Directory_adab76fc-6876-46f6-9d3b-694fad6b3a4a_6NX13_10867634",
      "category": "GroupManagement",
      "activity": "Update group",
      "initiatedBy": "system",
      "target": "cloudfil",
      "details": "[{\"key\":\"GroupType\",\"value\":\"Unified\"},{\"key\":\"User-Agent\",\"value\":\"Microsoft ADO.NET Data Services\"}]",
      "modifiedProperties": [
        {
          "displayName": "MethodExecutionResult.",
          "oldValue": null,
          "newValue": "\"Microsoft.Online.Workflows.ValidationException\""
        },
        {
          "displayName": "TargetId.GroupType",
          "oldValue": null,
          "newValue": "\"Unified\""
        }
      ],
      "timestamp": "2025-08-19T20:15:11.8472443Z"
    }
  ],
  "lastUpdated": "2025-09-18T12:51:20.907Z"
}